WTP, Switch On, Switch Off
0.1,381.81137,736.38708
0.2,313.20151,549.8454
0.4,228.77594,363.0016
0.5,180.76537,294.78247
0.6,191.73835,217.44554
0.7,169.48945,357.38954
0.725,20.10488,12.27291
0.8,15.22361,13.88867
0.9,16.4916,11.4643
1,12.96538,10.46092
1.1,15.58893,10.12785
1.2,11.29474,9.24664