WTP, Switch On, Switch Off
0.1,0.56647,0.46543
0.25,0.34796,0.41816
0.5,0.31784,0.32567
0.75,0.29956,0.23115
1,0.21151,0.28888
1.25,0.01499,0.01644
1.5,0.01405,0.01642