WTP, Switch On, Switch Off
0.01,120.65844,98.82748
0.02,108.93625,34.12945
0.030,50.65,27.97
0.040,29.02,23.40
0.050,19.95,18.14
0.060,17.48,16.90
0.070,15.62,15.33
0.080,15.56,15.18
0.090,13.97,13.68
0.100,13.20,12.94
0.110,10.78,10.37