WTP, Switch On, Switch Off
0.02,55.27924,42.15009
0.03,50.65295,25.79256
0.04,16.20235,48.83337
0.05,14.8515,40.79516
0.08,11.86096,15.60575
0.09,11.77283,15.70346
0.1,11.02718,14.19592
0.11,10.39921,14.44544
0.12,10.1623,13.99699
0.13,9.88571,14.11694
0.14,2.19578,0.77517
0.15,1.28615,0.4882
0.16,0.94954,0.44892