WTP, Switch On, Switch Off
0.2,313.20151,549.8454
0.4,228.77594,363.0016
0.6,255.55717,356.98864
0.8,194.06469,283.60398
1,179.19728,237.34538
1.2,12.23709,10.89681